INSERT INTO `users` (`User_id`, `User_name`, `Password`, `Role`, `Created_Date`, `Deleted_Date`, `Activity_flag`, `Mobile_num`, `Gender`, `First_Name`, `Last_Name`, `City`, `Postal_code`, `Email`) VALUES

(1, 'admin', 'admin', 'Main Admin', '2018-08-01', NULL, 1, '0321-1234567', 'Male', 'Muhammad', 'Ali', 'Lahore', '54000', 'AliAKbar14@gmail.com'),
(2, 'subadmin', 'subadmin', 'Sub Admin', '2018-08-01', NULL, 1, '0321-8521478', 'Male', 'Qasim', 'Bhatti', 'Lahore', '54000', 'Qasim85@gmail.com'),
(3, 'teacher1', 'teacher1', 'Teacher', '2018-08-01', NULL, 1, '0321-7896541', 'Male', 'Muhammad', 'Ahmed', 'Lahore', '54000', 'Ahmed14@gmail.com'),
(4, 'teacher2', 'teacher2', 'Teacher', '2018-08-01', NULL, 1, '0214-8521479', 'Male', 'ALi', 'Khan', 'Lahore', '54000', 'Khan41@gmail.com'),
(5, 'teacher3', 'teacher3', 'Teacher', '2018-08-01', NULL, 1, '0124-7896541', 'Male', 'Haseeb', 'Ahmed', 'Lahore', '54000', 'Haseeb47@gmail.com'),
(6, 'teacher4', 'teacher4', 'Teacher', '2018-08-01', NULL, 1, '0322-7894563', 'Male', 'Babar', 'Ali', 'Lahore', '54000', 'Babar85@gmail.com'),
(7, 'student1', 'student1', 'Student', '2018-08-01', NULL, 1, '0112-7896541', 'Female', 'Alina ', 'Ahmed Khan', 'Lahore', '54000', 'Alina78@gmail.com'),
(8, 'student2', 'student2', 'Student', '2018-08-01', NULL, 1, '0985-7854128', 'Female', 'Ammara', 'Arshad', 'Lahore', '54000', 'Ammara22@gmail.com'),
(9, 'student3', 'student3', 'Student', '2018-08-02', NULL, 1, '0214-9632587', 'Male', 'Muhammad Hamza', 'Khalid', 'Lahore', '54800', 'Hamza87@YahooMail.com')
(10, 'student4', 'student4', 'Student', '2018-08-01', NULL, 1, '0112-7896541', 'Female', 'Alina1 ', 'Ahmed Khan', 'Lahore', '54000', 'Alina78@gmail.com'),
(11, 'student5', 'student5', 'Student', '2018-08-01', NULL, 1, '0985-7854128', 'Female', 'Ammara1', 'Arshad', 'Lahore', '54000', 'Ammara22@gmail.com'),
(12, 'student6', 'student6', 'Student', '2018-08-02', NULL, 1, '0214-9632587', 'Male', 'Muhammad Hamza1', 'Khalid', 'Lahore', '54800', 'Hamza87@YahooMail.com'),
(13, 'student7', 'student7', 'Student', '2018-08-01', NULL, 1, '0112-7896541', 'Female', 'Alina2 ', 'Ahmed Khan', 'Lahore', '54000', 'Alina78@gmail.com'),
(14, 'student8', 'student8', 'Student', '2018-08-01', NULL, 1, '0985-7854128', 'Female', 'Ammara2', 'Arshad', 'Lahore', '54000', 'Ammara22@gmail.com'),
(15, 'student9', 'student9', 'Student', '2018-08-02', NULL, 1, '0214-9632587', 'Male', 'Muhammad Hamza2', 'Khalid', 'Lahore', '54800', 'Hamza87@YahooMail.com'),
(16, 'student10', 'student10', 'Student', '2018-08-01', NULL, 1, '0985-7854128', 'Female', 'Ammara3', 'Arshad', 'Lahore', '54000', 'Ammara22@gmail.com'),
(17, 'student11', 'student11', 'Student', '2018-08-02', NULL, 1, '0214-9632587', 'Male', 'Muhammad Hamza4', 'Khalid', 'Lahore', '54800', 'Hamza87@YahooMail.com'),
(18, 'student12', 'student12', 'Student', '2018-08-02', NULL, 1, '0214-9632587', 'Male', 'Muhammad Hamza5', 'Khalid', 'Lahore', '54800', 'Hamza87@YahooMail.com'),
(19, 'student13', 'student13', 'Student', '2018-08-01', NULL, 1, '0112-7896541', 'Female', 'Alina3 ', 'Ahmed Khan', 'Lahore', '54000', 'Alina78@gmail.com'),
(20, 'student14', 'student14', 'Student', '2018-08-01', NULL, 1, '0985-7854128', 'Female', 'Ammara4', 'Arshad', 'Lahore', '54000', 'Ammara22@gmail.com'),
(21, 'student15', 'student15', 'Student', '2018-08-02', NULL, 1, '0214-9632587', 'Male', 'Muhammad Hamza6', 'Khalid', 'Lahore', '54800', 'Hamza87@YahooMail.com'),
(22, 'student16', 'student16', 'Student', '2018-08-01', NULL, 1, '0985-7854128', 'Female', 'Ammara5', 'Arshad', 'Lahore', '54000', 'Ammara22@gmail.com'),
(23, 'student17', 'student17', 'Student', '2018-08-02', NULL, 1, '0214-9632587', 'Male', 'Muhammad Hamza7', 'Khalid', 'Lahore', '54800', 'Hamza87@YahooMail.com'),
(24, 'student18', 'student18', 'Student', '2018-08-02', NULL, 1, '0214-9632587', 'Male', 'Muhammad Hamza8', 'Khalid', 'Lahore', '54800', 'Hamza87@YahooMail.com'),
(25, 'student19', 'student19', 'Student', '2018-08-01', NULL, 1, '0985-7854128', 'Female', 'Ammara6', 'Arshad', 'Lahore', '54000', 'Ammara22@gmail.com'),
(26, 'student20', 'student20', 'Student', '2018-08-02', NULL, 1, '0214-9632587', 'Male', 'Muhammad Hamza9', 'Khalid', 'Lahore', '54800', 'Hamza87@YahooMail.com');



INSERT INTO `rooms` (`Room_id`, `Room_num`, `School_Id`,`Created_By`,`Delete_by`,`Created_Date`,`Deleted_Date`,`Status`) VALUES
(1, 10, 1,1,NULL,"2018-08-01",NULL,1),
(2, 1, 1,1,NULL,"2018-08-01",NULL,1);

INSERT INTO `school` (`School_id`, `School_name`, `School_address`, `phone_number`, `Created_By`, `Delete_by`,`Created_Date`,`Deleted_Date`,`Status`,`Allocated_to`)
 VALUES (1, 'Lahore American School', 'The Lahore American School,15 Upper Mall
         ,Canal Bank,Lahore,54000,Pakistan', '+92 423 576 2406',1,NULL,'2018-08-01',NULL, 1,2);
		
INSERT INTO `acadamic_year` (`Academic_id`, `From_date`, `till_date`) VALUES (NULL, '2018-08-01', '2019-02-01');

INSERT INTO `subjects` (`Subject_id`, `Subject_name`, `Class_num`, `School_Id`, `Created_By`, `Delete_by`, `Created_Date`, `Deleted_Date`, `Status`) VALUES
 (NULL, 'Physics', '10', '1', '1', NULL, '2018-08-09', NULL, '1'), 
 (NULL, 'Chemistry', '10', '1', '1', NULL, '2018-08-09', NULL, '1'), 
(NULL, 'English', '1', '1', '1', NULL, '2018-08-09', NULL, '1'),
 (NULL, 'Urdu', '1', '1', '1', NULL, '2018-08-09', NULL, '1');

INSERT INTO `classes_info` (`Class_info_id`, `Class_sec`, `School_id`, `Subject_id`, `Strength`, `Academic_id`) VALUES 
(NULL, 'A', '1', '1', '5', '1'),
 (NULL, 'B', '1', '2', '5', '1'),
 (NULL, 'C', '1', '3', '5', '1'),
 (NULL, 'D', '1', '4', '5', '1');
 
 
 INSERT INTO `classes` (`Class_id`, `class_start_time`, `class_end_time`, `Room_id`, `Class_info_id`, `Flag`) VALUES 
 (NULL, '05:13:16', '12:33:28', '1', '1', '1'), 
 (NULL, '09:14:00', '05:23:00', '1', '2', '1'), 
 (NULL, '09:12:00', '10:12:00', '2', '3', '1'), 
 (NULL, '09:10:00', '10:00:00', '2', '4', '1');
 
 INSERT INTO `teacher_subject` (`User_Id`, `Class_Id`) 
 VALUES ('3', '1'), ('4', '2'), ('5', '3'), ('6', '4');
 
 INSERT INTO `teachers` (`Teacher_id`, `User_id`, `School_id`, `Created_By`, `Delete_by`)
 VALUES (NULL, '3', '1', '1', NULL), 
 (NULL, '4', '1', '1', NULL), 
 (NULL, '5', '1', '1', NULL), 
 (NULL, '6', '1', '1', NULL)

 INSERT INTO `students` (`Student_id`, `User_id`, `School_id`, `Class_num`, `Created_By`, `Delete_by`) VALUES
 (NULL, '7', '1', '1', '1', NULL), (NULL, '8', '1', '1', '1', NULL),
 (NULL, '9', '1', '1', '1', NULL), (NULL, '10', '1', '1', '1', NULL),
 (NULL, '11', '1', '1', '1', NULL), (NULL, '12', '1', '1', '1', NULL),
 (NULL, '13', '1', '1', '1', NULL), (NULL, '14', '1', '1', '1', NULL),
 (NULL, '15', '1', '1', '1', NULL), (NULL, '16', '1', '1', '1', NULL),
 (NULL, '17', '1', '10', '1', NULL), (NULL, '18', '1', '10', '1', NULL), 
 (NULL, '19', '1', '10', '1', NULL), (NULL, '20', '1', '10', '1', NULL),
 (NULL, '21', '1', '10', '1', NULL), (NULL, '22', '1', '10', '1', NULL), 
 (NULL, '23', '1', '10', '1', NULL), (NULL, '24', '1', '10', '1', NULL), 
 (NULL, '25', '1', '10', '1', NULL), (NULL, '26', '1', '10', '1', NULL);
 
 
 INSERT INTO `student_subject` (`Student_Id`, `Class_Id`, `Roll_num`) VALUES ('1', '3', '1'), ('2', '3', '2'), ('3', '3', '3'), 
 ('4', '3', '4'), ('5', '3', '5'), ('6', '4', '1'), ('7', '4', '2'), ('8', '4', '3'), ('9', '4', '4'), ('10', '4', '5'),
 ('11', '1', '1'), ('12', '1', '2'), ('13', '1', '3'), ('14', '1', '4'),
 ('15', '1', '5'), ('16', '2', '1'), ('17', '2', '2'), ('18', '2', '3'), ('19', '2', '4'), ('20', '2', '5');
 
 
 